46,Stairway to the Cosmos
40,The Gatekeeper of Futuristic Realms
66,In Search of Inner Dimensions
36,Shadows of Innocence
34,The Endless Merry-go-round
22,Twilight Dance
70,The Ageless Performers
11,Chained to the Spiral of Time
59,Freedom atop the Gilded Cage
13,Harmony in Nature's Symphony
31,Journey through the Rainbow Grotto
3,Serpentine Fever
18,The Golden Ants' Heist
1,Ascension to the Poe-tic Realm
72,Dreamer on the Water's Edge
42,Moonlit Curiosity
10,The Weeping Floral Arbor
79,Feather-Light Justice
32,The Learned Bird
47,The Silent Witness
68,The World in a Droplet
25,Walk through the Alien Meadows
16,Masquerade of Emotions
8,The Lonely Sentinel
75,The Unfortunate Flight of Serendipity
27,The Omnivorous Bag
28,Captive in Sands of Time
83,Innocence and its Silent Companion
23,The Furry Guardian of the Portal
44,The Curious Universe of a Feline
41,Ethereal Haunting
5,The Beacon of Transcendence
6,The Throne of the Mechanical Jester
84,Directions to the Children's World
39,The Boy and the Blue Guardian
62,A Feast for the Eyes
58,Illuminating the Path of Dreams
24,The Guardian of the Sunflower Plains
50,The Cosmic Gardener
17,Tears of Crimson Reality
2,The Jester's Call
78,The Aquatic Rodeo
14,The Wounded Parade
48,Solitude under the Starlight
77,The Weeping Flame
53,The Illuminated Idea
12,The Spiral Ascent
45,The Artistic Paradox
30,Solitude in the Silent Night
60,Checkmate in Love
15,Dawn of the Cosmic Parasols
69,Melodies of the Soul
4,The Bubblegum Summit
7,A Moment Suspended in Time
9,The Paper Storm
63,Fantasy in the Clouds
54,The Enchanted Lab
26,Ascending to the Feathered Friend
67,Entangled by Betrayal
20,The Ephemeral Beauty in a Crimson Field